Total Words,Llama-7B (Sum) Mean,Llama-7B (Sum) Std,Llama-7B (Sum) Min,Llama-7B (Sum) Max,Dwell Time Mean,Dwell Time Std,Dwell Time Min,Dwell Time Max,Pearson Correlation,R-squared,P-value,Regression Slope,Regression Intercept
756919,4.585202247852103,4.395969321025745,0.000448530743597,48.661333084106445,152.29886553250745,211.3023514946389,0,30260,0.20445776284193592,0.04180297678632931,0.0,9.82773147738234,107.23672907112707
