Total Words,Llama-7B (Sum) Mean,Llama-7B (Sum) Std,Llama-7B (Sum) Min,Llama-7B (Sum) Max,Next Word Dwell Time Mean,Next Word Dwell Time Std,Next Word Dwell Time Min,Next Word Dwell Time Max,Pearson Correlation,R-squared,P-value,Regression Slope,Regression Intercept
756919,4.585202247852103,4.395969321025745,0.000448530743597,48.661333084106445,149.9098807137884,209.03998641711212,0.0,30260.0,0.03586317246964833,0.0012861671395877421,7.476403617776165e-214,1.7053888547578546,142.09032790349076
