Total Words,KenLM Mean,KenLM Std,KenLM Min,KenLM Max,Pythia-70M (Average) Mean,Pythia-70M (Average) Std,Pythia-70M (Average) Min,Pythia-70M (Average) Max,Pearson Correlation,R-squared,P-value,Regression Slope,Regression Intercept
756919,11.67844445111656,7.836557799023157,0.0048661056077451,33.47576526528186,5.69890006007686,3.875165955726398,0.0,24.246856689453125,0.3217737934688151,0.10353837416331166,0.0,0.15911665323909976,3.8406650639764575
