Total Words,Llama-7B (Sum) Mean,Llama-7B (Sum) Std,Llama-7B (Sum) Min,Llama-7B (Sum) Max,Pythia-70M (Sum) Mean,Pythia-70M (Sum) Std,Pythia-70M (Sum) Min,Pythia-70M (Sum) Max,Pearson Correlation,R-squared,P-value,Regression Slope,Regression Intercept
319430,3.9701811827871785,3.922650856041621,0.0003632273583207,45.106467485427856,6.606116696384691,5.230575680672038,0.0026416534092277,63.37273836135864,0.7337886626607524,0.5384458014494554,0.0,0.9784549465458448,2.721473279403344
