Total Words,Llama-7B (Sum) Mean,Llama-7B (Sum) Std,Llama-7B (Sum) Min,Llama-7B (Sum) Max,Dwell Time Mean,Dwell Time Std,Dwell Time Min,Dwell Time Max,Pearson Correlation,R-squared,P-value,Regression Slope,Regression Intercept
319430,3.9701811827871785,3.922650856041621,0.0003632273583207,45.106467485427856,194.26166296215132,248.67646379813942,0,6263,0.1895435572433774,0.03592676009247349,0.0,12.01611442894254,146.55551156614615
