Total Words,Llama-7B (Sum) Mean,Llama-7B (Sum) Std,Llama-7B (Sum) Min,Llama-7B (Sum) Max,Next Word Dwell Time Mean,Next Word Dwell Time Std,Next Word Dwell Time Min,Next Word Dwell Time Max,Pearson Correlation,R-squared,P-value,Regression Slope,Regression Intercept
756919,4.401727980201158,4.25564610380945,0.0004595376376528,54.97283124923706,149.9098807137884,209.03998641711212,0.0,30260.0,0.0319163873570228,0.0010186557819235247,8.785351021086398e-170,1.5677528198661863,143.00905926054415
