Total Words,Llama-7B (Sum) Mean,Llama-7B (Sum) Std,Llama-7B (Sum) Min,Llama-7B (Sum) Max,Dwell Time Mean,Dwell Time Std,Dwell Time Min,Dwell Time Max,Pearson Correlation,R-squared,P-value,Regression Slope,Regression Intercept
756919,4.401727980201158,4.25564610380945,0.0004595376376528,54.97283124923706,152.29886553250745,211.3023514946389,0,30260,0.19741435795500234,0.038972428726785795,0.0,9.80206460715158,109.15284348746887
