Total Words,KenLM Mean,KenLM Std,KenLM Min,KenLM Max,Pythia-70M (Average) Mean,Pythia-70M (Average) Std,Pythia-70M (Average) Min,Pythia-70M (Average) Max,Pearson Correlation,R-squared,P-value
1104883,11.792220857227905,7.937176988127647,0.0048661056077451,33.47576526528186,5.662431913625741,3.855554532277529,0.0,24.246856689453125,0.3074298104787889,0.09451308837102408,0.0
