Total Words,Llama-7B (Sum) Mean,Llama-7B (Sum) Std,Llama-7B (Sum) Min,Llama-7B (Sum) Max,Pythia-70M (Sum) Mean,Pythia-70M (Sum) Std,Pythia-70M (Sum) Min,Pythia-70M (Sum) Max,Pearson Correlation,R-squared,P-value,Regression Slope,Regression Intercept
319430,4.456882259874686,4.311929785567319,0.000448530743597,39.48624134063721,6.992599565249722,5.577938172870678,0.0,61.34165859222412,0.7315500488636146,0.5351654739923569,0.0,0.9463375207499812,2.7748846571653383
