Total Words,Llama-7B (Sum) Mean,Llama-7B (Sum) Std,Llama-7B (Sum) Min,Llama-7B (Sum) Max,Dwell Time Mean,Dwell Time Std,Dwell Time Min,Dwell Time Max,Pearson Correlation,R-squared,P-value,Regression Slope,Regression Intercept
319430,4.456882259874686,4.311929785567319,0.000448530743597,39.48624134063721,194.26166296215132,248.67646379813942,0,6263,0.20404146699802872,0.04163292025470764,0.0,11.76742502882821,141.8156351067615
